id,code,thread,user,quote
Q1,TRIGGER,53,Rage-Above,"I never hit a ""rock bottom"" and no one would have ever said I had a problem."
Q2,TRIGGER,53,Rage-Above,You don't need to wait until your life has an obvious rock bottom moment.
Q3,TRIGGER,55,vikinghooker,"There was no rock bottom, just a lot of really low days."
Q4,TRIGGER,55,[deleted],"I quit well before ""Rock Bottom."" I hated how I felt in the morning, but more importantly I hated how often I craved alcohol."
Q5,TRIGGER,35,StashedandPainless,"I didn't really have a rock bottom moment, I just got really tired of the endless loop of drinking and hangovers."
Q6,TRIGGER,57,finite_time,"I always thought I was high functioning too, but was starting to think 'oh, I'm getting older, recovery is taking longer now', 'it would be better for my health & energy levels to drink less'."
Q7,TRIGGER,29,snazzypants1,The hangxiety was too much in the end and I was sick of feeling so embarrassed of myself all the time.
Q8,TRIGGER,63,Defiant_Eggplant_909,"I use a fitness watch that tracks my sleep and, without fail, no matter how much or how little I drink, my sleep is always garbage if I drink alcohol that day."
Q9,TRIGGER,67,RogerMoore2011,I made no promises to myself or others that I'd never drink again but my anxiety and BP dropped significantly after just two weeks.
Q10,TRIGGER,26,Curious-Command-1840,"Like you I just decided to stop last week, hadn't seriously considered it previously, then I found this sub, and it's transforming my life."
Q11,IDENTITY,52,EngineeringOk2790,I hate the term alcoholic - I think it prevents people from getting help sooner than they should.
Q12,IDENTITY,54,cypress__,"I used to obsess over whether or not I ""count"" as an ""alcoholic"", now I don't even sweat that and just accept that it's a net negative for me and that's all that matters!"
Q13,IDENTITY,57,girliszen,"My drinking wasn't anything spectacular - 3-5 glasses of wine nightly. Everything OK on the outside (job, husband & kids, family & friends, fitness) But...I wasn't ok on the inside."
Q14,IDENTITY,55,vikinghooker,"Let me just say that one of the harder parts of quitting, for me, was what people said: ""your not an alcoholic"" ""you're being dramatic""."
Q15,IDENTITY,57,[deleted],"That was me - So 'high functioning' for so long - no missed work, no horrible work party drama, competent at my job, keeping a neat house, etc."
Q16,IDENTITY,55,[deleted],"There is a lot of gatekeeping, or defining, or whatever you want to call it, about what is rock bottom, or what is alcoholism."
Q17,VOCAB,1,LordBackrub,Im using reframe to try and cutback.
Q18,VOCAB,4,YourMirror1,"When I was in moderation mode, I found it incredibly helpful... I actually was able to reduce from 30 drinks to 12 a week using this app. I stopped drinking fully back in February though."
Q19,VOCAB,4,Rare-Marsupial-1721,I did reframe for dry January. It was truly great for me.
Q20,VOCAB,53,Rage-Above,"trust me, when your thoughts aren't cosumbed by moderation (Schrodingers alcoholic cat), it will be a huge mental relief."
Q21,VOCAB,56,jrheard,I'm sick of the constant mental conflict of trying to stop or moderate.
Q22,VOCAB,13,Alkoholfrei22605,Complete abstinence is easier than perfect moderation.
Q23,WANT,5,Tirux,I have tried with Excel and notes but I am too lazy to work on those after a week. A simple app which you put a number and registers in a calendar would be awesome.
Q24,WANT,14,ThinkEye8883,"I have tried few. Many are confusing if you mess up and need a reset. I already feel bad I dont need to spend 5 to 10 minutes to log it. I dont need community, I know other places to get it."
Q25,WANT,14,[deleted],"I personally don't count days; for me, an app I could check into when I'm having an urge that gives me a grounding exercise or breathwork etc would be more helpful."
Q26,WANT,14,SensitiveCelery5987,"Being able to insert custom milestones. It would be great for holidays. ""First Halloween,"" ""First NYE""."
Q27,WANT,14,Spiritual_Essay677,"i use the reframe app, and what i really like about it is the way it shows me money saved, calories avoided, and drinks avoided. seeing those numbers going up are really consequential and motivating for me."
Q28,WANT,1,External-Voice3516,"I just signed up 2 days ago, on day 3, I really like the science behind it and how much alcohol requires your brain. I find that a big motivator."
Q29,INTERACTION,16,Pitmidget,Just the habit of checking it every morning and every night helped distract me from cravings.
Q30,INTERACTION,10,bindirose,"I like the Daily Pledge, I set a notification first thing in the morning and it's a nice way to start the day for me."
Q31,INTERACTION,4,YourMirror1,It gives you little dopamine bursts by giving you points when you beat a craving or finish daily tasks and check in with your count.
Q32,INTERACTION,13,Old-Pie-716,"i use sponsi-ai, for me it feels like im texting a good friend or something that reminds me what im trying to recover for."
Q33,CHURN,1,BubblyInvestigator33,I like the drink tracker and the daily tasks...I can't stand the meetings so I yeeted those and soon after the community forums. For me it isn't worth the subscription
Q34,CHURN,1,Traditional_Ad129,"Yeah it's seemed helpful so far but idk if I'll stick with the subscription, there's a lot to learn on it but I'm not to into the meetings of community forums either."
Q35,CHURN,7,BubblyInvestigator33,"I'll second I Am Sober, I have it on Android and I like how it rolls with me, I don't have to enter a sober date every Day 1, unlike Reframe."
Q36,CHURN,14,Spiritual_Essay677,"the first few times going sober, i did really enjoy learning more about the biology behind addiction but have not found myself accessing that area for a while now."
Q37,CHURN,14,JEulerius,"Same vibes for me, mate, I mean I also don't need some app community."
Q38,PRICE,14,Spiritual_Essay677,it is however prohibitively pricey - i got mine heavily discounted.
Q39,PRICE,6,Hot_Course9003,I know reframe is good but I can't afford to pay for it right now.
Q40,PRICE,4,cloudhangouts,I'm currently doing the 7-day free trial (a year is $99) so I want to see if it's worth the investment! It seems to have a lot of great tools but I'm not sure where to start besides daily reflections.
Q41,PRICE,3,clennon2525,Do not subscribe to Calmio. They will continue to bill you regardless of trying to cancel.
Q42,PRIVACY,7,PinkMorningSky,"I didn't want to do data sharing on a sobriety focused app, TBH."
Q43,PRIVACY,14,Top_Concentrate_5799,i really value not needing an account. All my data should be local. And perhaps pin protected.
Q44,PRIVACY,14,carbondj,I also agree with other posters about forgoing some involved account registration process.
Q45,PRIVACY,3,JEulerius,"I wanted something without community features or social stuff because I didn't want to think about that part. Just open it, see my days, move on."
Q46,OBJECTION,5,ChanceDaring,"Couldn't you just mark this on a calendar, or use the notes app? I mean even keeping a pen and paper journal would do this, right?"
Q47,OBJECTION,5,IdahoDuncan,"More power to you, but I feel like once your registering drinks in app, it's clear you a larger problem."
Q48,OBJECTION,6,Eye-deliver,I did not use an app other than Reddit to stop so I do not have any experience with them.
Q49,OBJECTION,3,Remarkable-Pepper707,"I used the app reframe. It's free. It tries to teach you why alcohol is so bad for your brain and your body. I was skeptical at first, but it helped me get through a lot"
Q50,MOTIVATION,14,carbondj,there are quite a few people who like to track their total sober days/wins vs just streaks... it would be useful to offer an option for a user to adjust the counter back the amount of time they relapsed.
Q51,MOTIVATION,2,Texasissippi,I joined Reframe after seeing some of their ads on Instagram. I did a 30 day alcohol free challenge right away... I'm now 130 days without a drink where before I was drinking about 15 drinks a week.
Q52,MOTIVATION,14,Kind_Ebb_3290,I actually like all the extras with community / tracking. But may not be for everyone. I can always leave the community features / stop tracking when I want.
